<?xml version="1.0" encoding="UTF-8"?>
<data>
	<Skill_Spell>
		<Korean_Name>하이더</Korean_Name>
		<English_Name>Hide Group</English_Name>
		<STR>100</STR>
		<INT>30</INT>
		<WIS>34</WIS>
		<CON>20</CON>
		<DEX>140</DEX>
		<Pre_Req>Pitfall Trap(60)</Pre_Req>
		<Location>Mileth Master Trainer</Location>
		<Description>Hide group members</Description>
		<Image>http://s.nx.com/s2/game/lod/lod2007/game_info/skill/235.jpg</Image>
	</Skill_Spell>
	<Skill_Spell>
		<Korean_Name>함정찾기2</Korean_Name>
		<English_Name>Find Trap 2</English_Name>
		<STR>3</STR>
		<INT>20</INT>
		<WIS>14</WIS>
		<CON>3</CON>
		<DEX>3</DEX>
		<Pre_Req>Find Trap 1 (40)</Pre_Req>
		<Location>Piet White Mage</Location>
		<Description>Locate traps within a 4-tile circumference</Description>
		<Image>http://s.nx.com/s2/game/lod/lod2007/game_info/skill/211.jpg</Image>
	</Skill_Spell>
	<Skill_Spell>
		<Korean_Name>센서스</Korean_Name>
		<English_Name>Sense Hidden</English_Name>
		<STR>3</STR>
		<INT>20</INT>
		<WIS>14</WIS>
		<CON>3</CON>
		<DEX>3</DEX>
		<Pre_Req>Hide30</Pre_Req>
		<Location>Piet White Mage</Location>
		<Description>View hidden</Description>
		<Image>http://s.nx.com/s2/game/lod/lod2007/game_info/skill/111.jpg</Image>
	</Skill_Spell>
	<Skill_Spell>
		<Korean_Name>함정찾기1</Korean_Name>
		<English_Name>Find Trap 1</English_Name>
		<STR>3</STR>
		<INT>18</INT>
		<WIS>13</WIS>
		<CON>3</CON>
		<DEX>12</DEX>
		<Pre_Req>-</Pre_Req>
		<Location>Piet White Mage</Location>
		<Description>Locate traps within a 3-tile circumference</Description>
		<Image>http://s.nx.com/s2/game/lod/lod2007/game_info/skill/210.jpg</Image>
	</Skill_Spell>
	<Skill_Spell>
		<Korean_Name>하이드</Korean_Name>
		<English_Name>Hide</English_Name>
		<STR>3</STR>
		<INT>18</INT>
		<WIS>12</WIS>
		<CON>3</CON>
		<DEX>12</DEX>
		<Pre_Req>Mist(5)</Pre_Req>
		<Location>Piet White Mage</Location>
		<Description>Gain invisibility for a short time</Description>
		<Image>http://s.nx.com/s2/game/lod/lod2007/game_info/skill/114.jpg</Image>
	</Skill_Spell>
	<Skill_Spell>
		<Korean_Name>라이트닝무브</Korean_Name>
		<English_Name>Mist</English_Name>
		<STR>3</STR>
		<INT>15</INT>
		<WIS>10</WIS>
		<CON>3</CON>
		<DEX>8</DEX>
		<Pre_Req>-</Pre_Req>
		<Location>Piet White Mage</Location>
		<Description>Increase chance to dodge attacks</Description>
		<Image>http://s.nx.com/s2/game/lod/lod2007/game_info/skill/160.jpg</Image>
	</Skill_Spell>
	<Skill_Spell>
		<Korean_Name>쿠로토</Korean_Name>
		<English_Name>Kuroto</English_Name>
		<STR>3</STR>
		<INT>9</INT>
		<WIS>6</WIS>
		<CON>3</CON>
		<DEX>3</DEX>
		<Pre_Req>-</Pre_Req>
		<Location>Piet White Mage</Location>
		<Description>Self Healing</Description>
		<Image>http://s.nx.com/s2/game/lod/lod2007/game_info/skill/126.jpg</Image>
	</Skill_Spell>
	<Skill_Spell>
		<Korean_Name>아들레스투</Korean_Name>
		<English_Name>Inspect Item</English_Name>
		<STR>3</STR>
		<INT>3</INT>
		<WIS>3</WIS>
		<CON>3</CON>
		<DEX>3</DEX>
		<Pre_Req>-</Pre_Req>
		<Location>Piet White Mage</Location>
		<Description>Inspect item attributes</Description>
		<Image>http://s.nx.com/s2/game/lod/lod2007/game_info/skill/161.jpg</Image>
	</Skill_Spell>
	<Skill_Spell>
		<Korean_Name>슬레쉬</Korean_Name>
		<English_Name>Stab Twice 2</English_Name>
		<STR>98</STR>
		<INT>39</INT>
		<WIS>40</WIS>
		<CON>20</CON>
		<DEX>142</DEX>
		<Pre_Req>Double Stab</Pre_Req>
		<Location>Mileth Trainer</Location>
		<Description>Second level of Stab Twice</Description>
		<Image>http://s.nx.com/s2/game/lod/lod2007/game_info/skill/7.jpg</Image>
	</Skill_Spell>
	<Skill_Spell>
		<Korean_Name>마구찌르기</Korean_Name>
		<English_Name>Stab 2</English_Name>
		<STR>98</STR>
		<INT>39</INT>
		<WIS>40</WIS>
		<CON>20</CON>
		<DEX>142</DEX>
		<Pre_Req>Stab</Pre_Req>
		<Location>Mileth Trainer</Location>
		<Description>Second level of Stab</Description>
		<Image>http://s.nx.com/s2/game/lod/lod2007/game_info/skill/6.jpg</Image>
	</Skill_Spell>
	<Skill_Spell>
		<Korean_Name>습격진</Korean_Name>
		<English_Name>Ambush Attack 2</English_Name>
		<STR>0</STR>
		<INT>0</INT>
		<WIS>0</WIS>
		<CON>0</CON>
		<DEX>0</DEX>
		<Pre_Req>-</Pre_Req>
		<Location>Mileth Master Trainer</Location>
		<Description>Second level of Ambush Attack</Description>
		<Image>http://s.nx.com/s2/game/lod/lod2007/game_info/skill/30.jpg</Image>
	</Skill_Spell>
	<Skill_Spell>
		<Korean_Name>함정파기</Korean_Name>
		<English_Name>Pitfall Trap</English_Name>
		<STR>92</STR>
		<INT>24</INT>
		<WIS>27</WIS>
		<CON>15</CON>
		<DEX>130</DEX>
		<Pre_Req>-</Pre_Req>
		<Location>Mileth Master Trainer</Location>
		<Description>creates a Pitfall trap</Description>
		<Image>http://s.nx.com/s2/game/lod/lod2007/game_info/skill/29.jpg</Image>
	</Skill_Spell>
	<Skill_Spell>
		<Korean_Name>트리플어택</Korean_Name>
		<English_Name>Tripple Attack</English_Name>
		<STR>0</STR>
		<INT>0</INT>
		<WIS>0</WIS>
		<CON>0</CON>
		<DEX>0</DEX>
		<Pre_Req>-</Pre_Req>
		<Location>Automatic on mastering</Location>
		<Description>Attack with chance of attacking three times</Description>
		<Image>http://s.nx.com/s2/game/lod/lod2007/game_info/skill/12.jpg</Image>
	</Skill_Spell>
	<Skill_Spell>
		<Korean_Name>기습</Korean_Name>
		<English_Name>Assassin's Strike</English_Name>
		<STR>0</STR>
		<INT>0</INT>
		<WIS>0</WIS>
		<CON>0</CON>
		<DEX>0</DEX>
		<Pre_Req>-</Pre_Req>
		<Location>Automatic on mastering</Location>
		<Description>Break Armor + Assassination</Description>
		<Image>http://s.nx.com/s2/game/lod/lod2007/game_info/skill/52.jpg</Image>
	</Skill_Spell>
	<Skill_Spell>
		<Korean_Name>암살격</Korean_Name>
		<English_Name>Assassination</English_Name>
		<STR>80</STR>
		<INT>3</INT>
		<WIS>3</WIS>
		<CON>3</CON>
		<DEX>55</DEX>
		<Pre_Req>Ambush Attack(90)</Pre_Req>
		<Location>Rogue Master Quest</Location>
		<Description>Strong strike with chance of fataly damageing an enemy</Description>
		<Image>http://s.nx.com/s2/game/lod/lod2007/game_info/skill/32.jpg</Image>
	</Skill_Spell>
	<Skill_Spell>
		<Korean_Name>적갑옷해체</Korean_Name>
		<English_Name>Break Armor</English_Name>
		<STR>78</STR>
		<INT>3</INT>
		<WIS>3</WIS>
		<CON>3</CON>
		<DEX>52</DEX>
		<Pre_Req>Hide(100)</Pre_Req>
		<Location>Piet Special Trainer</Location>
		<Description>Renders a user's armor useless for a few moments</Description>
		<Image>http://s.nx.com/s2/game/lod/lod2007/game_info/skill/31.jpg</Image>
	</Skill_Spell>
	<Skill_Spell>
		<Korean_Name>함정해체</Korean_Name>
		<English_Name>Dismantle Trap</English_Name>
		<STR>65</STR>
		<INT>3</INT>
		<WIS>3</WIS>
		<CON>3</CON>
		<DEX>49</DEX>
		<Pre_Req>-</Pre_Req>
		<Location>Piet Fighter</Location>
		<Description>Disable a trap</Description>
		<Image>http://s.nx.com/s2/game/lod/lod2007/game_info/skill/210.jpg</Image>
	</Skill_Spell>
	<Skill_Spell>
		<Korean_Name>습격</Korean_Name>
		<English_Name>Ambush Attack</English_Name>
		<STR>46</STR>
		<INT>3</INT>
		<WIS>3</WIS>
		<CON>3</CON>
		<DEX>40</DEX>
		<Pre_Req>Stab(75), Double Stab(30)</Pre_Req>
		<Location>Piet Fighter</Location>
		<Description>Attack without being noticed</Description>
		<Image>http://s.nx.com/s2/game/lod/lod2007/game_info/skill/30.jpg</Image>
	</Skill_Spell>
	<Skill_Spell>
		<Korean_Name>두번찌르기</Korean_Name>
		<English_Name>Stab Twice</English_Name>
		<STR>38</STR>
		<INT>3</INT>
		<WIS>3</WIS>
		<CON>3</CON>
		<DEX>32</DEX>
		<Pre_Req>Double Attack(75), Stab (60)</Pre_Req>
		<Location>Piet Fighter</Location>
		<Description>Double stab attack</Description>
		<Image>http://s.nx.com/s2/game/lod/lod2007/game_info/skill/7.jpg</Image>
	</Skill_Spell>
	<Skill_Spell>
		<Korean_Name>아이템고치기</Korean_Name>
		<English_Name>Repair Item</English_Name>
		<STR>6</STR>
		<INT>3</INT>
		<WIS>3</WIS>
		<CON>3</CON>
		<DEX>3</DEX>
		<Pre_Req>-</Pre_Req>
		<Location>Piet Special Trainer</Location>
		<Description>Repair item in the first inventory slot</Description>
		<Image>http://s.nx.com/s2/game/lod/lod2007/game_info/skill/33.jpg</Image>
	</Skill_Spell>
	<Skill_Spell>
		<Korean_Name>센스</Korean_Name>
		<English_Name>Sense User</English_Name>
		<STR>3</STR>
		<INT>9</INT>
		<WIS>3</WIS>
		<CON>3</CON>
		<DEX>24</DEX>
		<Pre_Req>Monster Sense (100)</Pre_Req>
		<Location>Piet Special Trainer</Location>
		<Description>View player's stats</Description>
		<Image>http://s.nx.com/s2/game/lod/lod2007/game_info/skill/10.jpg</Image>
	</Skill_Spell>
	<Skill_Spell>
		<Korean_Name>품뒤져보기</Korean_Name>
		<English_Name>Peek</English_Name>
		<STR>23</STR>
		<INT>3</INT>
		<WIS>3</WIS>
		<CON>3</CON>
		<DEX>18</DEX>
		<Pre_Req>Monster Sense(60)</Pre_Req>
		<Location>Piet Fighter</Location>
		<Description>View inventory/carried items</Description>
		<Image>http://s.nx.com/s2/game/lod/lod2007/game_info/skill/27.jpg</Image>
	</Skill_Spell>
	<Skill_Spell>
		<Korean_Name>더블어택</Korean_Name>
		<English_Name>Double Attack</English_Name>
		<STR>20</STR>
		<INT>3</INT>
		<WIS>3</WIS>
		<CON>3</CON>
		<DEX>14</DEX>
		<Pre_Req>Throw Shuriken (60)</Pre_Req>
		<Location>Piet Fighter</Location>
		<Description>Attack with chance of attacking twice</Description>
		<Image>http://s.nx.com/s2/game/lod/lod2007/game_info/skill/1.jpg</Image>
	</Skill_Spell>
	<Skill_Spell>
		<Korean_Name>찔러휘비기</Korean_Name>
		<English_Name>Stab</English_Name>
		<STR>18</STR>
		<INT>3</INT>
		<WIS>3</WIS>
		<CON>3</CON>
		<DEX>12</DEX>
		<Pre_Req>Throw Shuriken (45)</Pre_Req>
		<Location>Piet Fighter</Location>
		<Description>Stab attack</Description>
		<Image>http://s.nx.com/s2/game/lod/lod2007/game_info/skill/6.jpg</Image>
	</Skill_Spell>
	<Skill_Spell>
		<Korean_Name>연막탄터뜨리기</Korean_Name>
		<English_Name>Throw Smoke Bomb</English_Name>
		<STR>16</STR>
		<INT>3</INT>
		<WIS>3</WIS>
		<CON>3</CON>
		<DEX>10</DEX>
		<Pre_Req>Throw Shuriken(30)</Pre_Req>
		<Location>Piet Special Trainer</Location>
		<Description>Create a smoke screen</Description>
		<Image>http://s.nx.com/s2/game/lod/lod2007/game_info/skill/25.jpg</Image>
	</Skill_Spell>
	<Skill_Spell>
		<Korean_Name>아무네지아</Korean_Name>
		<English_Name>Amnesia</English_Name>
		<STR>8</STR>
		<INT>3</INT>
		<WIS>3</WIS>
		<CON>3</CON>
		<DEX>6</DEX>
		<Pre_Req>Throw Shuriken(10)</Pre_Req>
		<Location>Piet Special Trainer</Location>
		<Description>Causes a mob to de-aggro you (1 space away)</Description>
		<Image>http://s.nx.com/s2/game/lod/lod2007/game_info/skill/46.jpg</Image>
	</Skill_Spell>
	<Skill_Spell>
		<Korean_Name>밀기</Korean_Name>
		<English_Name>Throw</English_Name>
		<STR>6</STR>
		<INT>3</INT>
		<WIS>3</WIS>
		<CON>3</CON>
		<DEX>4</DEX>
		<Pre_Req>-</Pre_Req>
		<Location>Piet Special Trainer</Location>
		<Description>Push player 1 tile</Description>
		<Image>http://s.nx.com/s2/game/lod/lod2007/game_info/skill/48.jpg</Image>
	</Skill_Spell>
	<Skill_Spell>
		<Korean_Name>표창날리기</Korean_Name>
		<English_Name>Throw Shuriken</English_Name>
		<STR>6</STR>
		<INT>3</INT>
		<WIS>3</WIS>
		<CON>3</CON>
		<DEX>4</DEX>
		<Pre_Req>-</Pre_Req>
		<Location>Piet Fighter</Location>
		<Description>Throw shurikens several spaces ahead</Description>
		<Image>http://s.nx.com/s2/game/lod/lod2007/game_info/skill/13.jpg</Image>
	</Skill_Spell>
	<Skill_Spell>
		<Korean_Name>센스몬스터</Korean_Name>
		<English_Name>Monster Sense</English_Name>
		<STR>3</STR>
		<INT>6</INT>
		<WIS>3</WIS>
		<CON>3</CON>
		<DEX>4</DEX>
		<Pre_Req>-</Pre_Req>
		<Location>Piet Special Trainer</Location>
		<Description>몬스터 속성 보기</Description>
		<Image>http://s.nx.com/s2/game/lod/lod2007/game_info/skill/11.jpg</Image>
	</Skill_Spell>
	<Skill_Spell>
		<Korean_Name>프렌치키스</Korean_Name>
		<English_Name>French Kiss</English_Name>
		<STR>0</STR>
		<INT>0</INT>
		<WIS>0</WIS>
		<CON>0</CON>
		<DEX>0</DEX>
		<Pre_Req>Kiss(100)</Pre_Req>
		<Location>Abel Church Minister</Location>
		<Description>Kissing skill aquired after marriage</Description>
		<Image>http://s.nx.com/s2/game/lod/lod2007/game_info/skill/43.jpg</Image>
	</Skill_Spell>
	<Skill_Spell>
		<Korean_Name>자물쇠열기</Korean_Name>
		<English_Name>Unlock</English_Name>
		<STR>3</STR>
		<INT>3</INT>
		<WIS>3</WIS>
		<CON>3</CON>
		<DEX>3</DEX>
		<Pre_Req>-</Pre_Req>
		<Location>Piet Special Trainer</Location>
		<Description/>
		<Image>http://s.nx.com/s2/game/lod/lod2007/game_info/skill/23.jpg</Image>
	</Skill_Spell>
	<Skill_Spell>
		<Korean_Name>탐색</Korean_Name>
		<English_Name>Look</English_Name>
		<STR>3</STR>
		<INT>3</INT>
		<WIS>3</WIS>
		<CON>3</CON>
		<DEX>3</DEX>
		<Pre_Req>-</Pre_Req>
		<Location>Basic Trainer</Location>
		<Description>Location/Front of your character tile information</Description>
		<Image>http://s.nx.com/s2/game/lod/lod2007/game_info/skill/9.jpg</Image>
	</Skill_Spell>
	<Skill_Spell>
		<Korean_Name>문열기</Korean_Name>
		<English_Name>Open Door</English_Name>
		<STR>3</STR>
		<INT>3</INT>
		<WIS>3</WIS>
		<CON>3</CON>
		<DEX>3</DEX>
		<Pre_Req>-</Pre_Req>
		<Location>Piet Special Trainer</Location>
		<Description>Open building door</Description>
		<Image>http://s.nx.com/s2/game/lod/lod2007/game_info/skill/8.jpg</Image>
	</Skill_Spell>
	<Skill_Spell>
		<Korean_Name>기본공격</Korean_Name>
		<English_Name>Assail</English_Name>
		<STR>3</STR>
		<INT>3</INT>
		<WIS>3</WIS>
		<CON>3</CON>
		<DEX>3</DEX>
		<Pre_Req>-</Pre_Req>
		<Location>Basic Trainer</Location>
		<Description>Basic Attack</Description>
		<Image>http://s.nx.com/s2/game/lod/lod2007/game_info/skill/2.jpg</Image>
	</Skill_Spell>
</data>
